<?xml version="1.0" encoding="UTF-8"?>
<beans xmlns="http://www.springframework.org/schema/beans"
       xmlns:xsi="http://www.w3.org/2001/XMLSchema-instance"
       xmlns:p="http://www.springframework.org/schema/p"
       xmlns:context="http://www.springframework.org/schema/context"
       xsi:schemaLocation="http://www.springframework.org/schema/beans
                           http://www.springframework.org/schema/beans/spring-beans.xsd">

    <!--代码量少-->
    <!--单例模式singleton，默认单例；
        多例模式prototype-->
    <bean id="master3" scope="prototype" class="com.fzf.pojo.Master" p:name="李四" p:age="30" p:pet-ref="pet" init-method="sayHello" destroy-method="close"/>
    <bean  class="com.fzf.pojo.TestBean"/>
    <bean class="com.fzf.pojo.Cat"/>

<!--    &lt;!&ndash;属性注入&ndash;&gt;-->
<!--    <bean id="master" class="com.fzf.pojo.Master">-->
<!--        <property name="name" value="张三"/>-->
<!--        <property name="age" value="20"/>-->
<!--        <property name="pet" ref="pet"/>-->
<!--        <property name="stringList">-->
<!--            <list>-->
<!--                <value>abc</value>-->
<!--                <value>123</value>-->
<!--                <ref bean="pet"></ref>-->
<!--            </list>-->
<!--        </property>-->
<!--        <property name="map">-->
<!--            <map>-->
<!--                <entry key="k1" value="value1"></entry>-->
<!--                <entry key="k2" value="value2"></entry>-->
<!--                <entry key="pet" value-ref="pet"></entry>-->
<!--            </map>-->
<!--        </property>-->
<!--    </bean>-->

<!--    <bean id="master2" class="com.fzf.pojo.Master">-->
<!--        &lt;!&ndash;根据参数类型注入&ndash;&gt;-->
<!--&lt;!&ndash;        <constructor-arg type="int" value="20"/>&ndash;&gt;-->
<!--&lt;!&ndash;        <constructor-arg type="java.lang.String" value="李四"/>&ndash;&gt;-->
<!--&lt;!&ndash;        <constructor-arg type="com.fzf.pojo.Pet" ref="pet"/>&ndash;&gt;-->
<!--        &lt;!&ndash;根据索引注入&ndash;&gt;-->
<!--&lt;!&ndash;        <constructor-arg index="0" value="王五"/>&ndash;&gt;-->
<!--&lt;!&ndash;        <constructor-arg index="1" value="20"/>&ndash;&gt;-->
<!--&lt;!&ndash;        <constructor-arg index="2" ref="pet"/>&ndash;&gt;-->
<!--        &lt;!&ndash;根据参数名注入(推荐)&ndash;&gt;-->
<!--        <constructor-arg name="name" value="张三"/>-->
<!--        <constructor-arg name="age" value="20"/>-->
<!--        <constructor-arg name="pet" ref="catBean"/>-->
<!--    </bean>-->
<!--    -->

<!--    &lt;!&ndash;静态工厂，调用里面的静态方法&ndash;&gt;-->
<!--&lt;!&ndash;    <bean class="com.fzf.pojo.PetShop" factory-method="getCat" id="catBean"/>&ndash;&gt;-->
<!--&lt;!&ndash;    <bean class="com.fzf.pojo.PetShop" factory-method="getPet" id="dogBean">&ndash;&gt;-->
<!--&lt;!&ndash;        <constructor-arg name="name" value="dog"/>&ndash;&gt;-->
<!--&lt;!&ndash;    </bean>&ndash;&gt;-->

<!--&lt;!&ndash;    实例化工厂&ndash;&gt;-->
<!--    <bean id="petShop" class="com.fzf.pojo.PetShop"/>-->
<!--    <bean id="dogBean" factory-bean="petShop" factory-method="getPet">-->
<!--        <constructor-arg name="name" value="dog"/>-->
<!--    </bean>-->
<!--    <bean id="catBean" factory-bean="petShop" factory-method="getCat"/>-->

    <bean id="pet" class="com.fzf.pojo.Dog"></bean>
<!--    -->
<!--    <context:component-scan base-package="com.fzf.pojo"/>-->
</beans>
